,Id,Prediction
0,1,1.0
1,2,0.004196286201477051
2,3,0.22336772084236145
3,4,0.005596603266894817
4,5,0.008464098908007145
5,6,0.02141088992357254
6,7,0.00534414779394865
7,8,0.7276572585105896
8,9,0.22336772084236145
9,10,0.00798594020307064
10,11,0.0021413227077573538
11,12,0.9397698044776917
12,13,1.0
13,14,0.8274517059326172
14,15,0.005005907267332077
15,16,0.0018709092400968075
16,17,0.0039088851772248745
17,18,1.0
18,19,1.0
19,20,0.005347535014152527
20,21,0.9999871253967285
21,22,1.0
22,23,0.00798594020307064
23,24,1.0
24,25,0.9999984502792358
25,26,0.9008776545524597
26,27,1.0
27,28,0.011807077564299107
28,29,0.002858663210645318
29,30,1.0
30,31,1.0
31,32,0.9996974468231201
32,33,0.0033537782728672028
33,34,0.01176261343061924
34,35,0.9999990463256836
35,36,1.0
36,37,0.9397698044776917
37,38,0.004633978474885225
38,39,0.05267881974577904
39,40,0.003037101589143276
40,41,1.0
41,42,0.0023450907319784164
42,43,0.001972442725673318
43,44,0.005063472781330347
44,45,0.01217930018901825
45,46,0.5304568409919739
46,47,1.0
47,48,1.0
48,49,0.012681064195930958
49,50,0.9991412162780762
50,51,1.0
51,52,0.03362444415688515
52,53,0.003412121906876564
53,54,1.0
54,55,0.9929137229919434
55,56,0.9999996423721313
56,57,0.999488353729248
57,58,0.05267881974577904
58,59,0.00274347560480237
59,60,0.005440541543066502
60,61,1.0
61,62,0.5304568409919739
62,63,0.012649926356971264
63,64,0.01217930018901825
64,65,0.7255086302757263
65,66,0.9999630451202393
66,67,0.0049398671835660934
67,68,0.9397698044776917
68,69,0.004585050046443939
69,70,1.0
70,71,0.7255086302757263
71,72,0.0034529229160398245
72,73,1.0
73,74,0.002187128411605954
74,75,0.003230587812140584
75,76,0.0037137505132704973
76,77,0.07514181733131409
77,78,1.0
78,79,0.002940472913905978
79,80,1.0
80,81,0.9397698044776917
81,82,0.01793077401816845
82,83,1.0
83,84,1.0
84,85,0.9652091860771179
85,86,0.22336772084236145
86,87,0.5304568409919739
87,88,0.2370971292257309
88,89,0.05513349547982216
89,90,0.9998942613601685
90,91,1.0
91,92,0.22336772084236145
92,93,0.05267881974577904
93,94,0.013495191931724548
94,95,0.011466586031019688
95,96,0.003483799984678626
96,97,0.9528091549873352
97,98,0.9397698044776917
98,99,1.0
99,100,1.0
100,101,0.8274517059326172
101,102,1.0
102,103,1.0
103,104,0.9958284497261047
104,105,0.0026060999371111393
105,106,0.02636963501572609
106,107,1.0
107,108,0.006954360753297806
108,109,1.0
109,110,0.01217930018901825
110,111,0.9996974468231201
111,112,0.0020551516208797693
112,113,1.0
113,114,0.005546762607991695
114,115,1.0
115,116,0.9929137229919434
116,117,1.0
117,118,1.0
118,119,1.0
119,120,0.9999630451202393
120,121,0.9998214840888977
121,122,1.0
122,123,0.9532793760299683
123,124,0.0022219233214855194
124,125,0.00407644547522068
125,126,0.01217930018901825
126,127,0.9958284497261047
127,128,0.22336772084236145
128,129,1.0
129,130,0.9929137229919434
130,131,0.05267881974577904
131,132,0.8287238478660583
132,133,0.9999998807907104
133,134,1.0
134,135,1.0
135,136,0.0023107798770070076
136,137,0.7255086302757263
137,138,0.7301343083381653
138,139,0.0024624669458717108
139,140,0.9652091860771179
140,141,0.00207495572976768
141,142,0.8274517059326172
142,143,0.8274517059326172
143,144,0.003984863869845867
144,145,1.0
145,146,0.9998207688331604
146,147,0.05267881974577904
147,148,0.02838180959224701
148,149,1.0
149,150,1.0
150,151,0.9999998807907104
151,152,0.8339737057685852
152,153,0.9999990463256836
153,154,0.013415171764791012
154,155,0.002603593748062849
155,156,1.0
156,157,0.0026439339853823185
157,158,0.9652091860771179
158,159,0.002603593748062849
159,160,0.5304568409919739
160,161,0.9985438585281372
161,162,1.0
162,163,0.9397698044776917
163,164,0.004461830016225576
164,165,1.0
165,166,0.002758624264970422
166,167,1.0
167,168,0.0450923815369606
168,169,0.004328942392021418
169,170,0.00798594020307064
170,171,1.0
171,172,1.0
172,173,0.049777597188949585
173,174,0.9999990463256836
174,175,0.008493615314364433
175,176,0.5304568409919739
176,177,0.9997015595436096
177,178,0.9991913437843323
178,179,0.9397698044776917
179,180,0.999488353729248
180,181,0.003562427591532469
181,182,0.9999998807907104
182,183,0.7255086302757263
183,184,0.004398686345666647
184,185,0.010059161111712456
185,186,0.0061049070209264755
186,187,0.002603593748062849
187,188,0.004547907505184412
188,189,0.0027593011036515236
189,190,0.9999923706054688
190,191,1.0
191,192,0.22336772084236145
192,193,1.0
193,194,1.0
194,195,0.05267881974577904
195,196,0.9999996423721313
196,197,0.9397698044776917
197,198,0.01479494757950306
198,199,0.01217930018901825
199,200,0.004461830016225576
200,201,0.0008306856034323573
201,202,1.0
202,203,0.0030240288469940424
203,204,0.002422073855996132
204,205,0.9999984502792358
205,206,0.011678178794682026
206,207,1.0
207,208,0.7255086302757263
208,209,0.5304568409919739
209,210,0.03511481732130051
210,211,0.22336772084236145
211,212,0.9929137229919434
212,213,0.9958284497261047
213,214,1.0
214,215,0.006452637724578381
215,216,0.0056403144262731075
216,217,0.9999984502792358
217,218,0.08166210353374481
218,219,0.005604141857475042
219,220,0.00798594020307064
220,221,0.0033147314097732306
221,222,0.002422073855996132
222,223,0.9929982423782349
223,224,0.027639465406537056
224,225,0.0035519988741725683
225,226,0.006450250744819641
226,227,0.2890021800994873
227,228,0.7760124206542969
228,229,1.0
229,230,0.9998942613601685
230,231,1.0
231,232,0.004453315399587154
232,233,0.05267881974577904
233,234,0.37861570715904236
234,235,1.0
235,236,0.9999998807907104
236,237,1.0
237,238,0.9999991655349731
238,239,0.003943285904824734
239,240,0.7255086302757263
240,241,0.8274517059326172
241,242,0.0024566513020545244
242,243,0.018480351194739342
243,244,0.005667460151016712
244,245,0.9928833246231079
245,246,0.9996974468231201
246,247,0.20288638770580292
247,248,0.9957841038703918
248,249,0.01217930018901825
249,250,0.7255086302757263
250,251,1.0
251,252,0.9999998807907104
252,253,0.5304568409919739
253,254,1.0
254,255,1.0
255,256,0.001969435717910528
256,257,1.0
257,258,0.9999990463256836
258,259,0.9999630451202393
259,260,0.9999781847000122
260,261,0.002675228752195835
261,262,0.49595415592193604
262,263,0.999488353729248
263,264,1.0
264,265,1.0
265,266,1.0
266,267,0.005024757701903582
267,268,0.004639281891286373
268,269,0.9985377788543701
269,270,1.0
270,271,1.0
271,272,1.0
272,273,1.0
273,274,0.006676102057099342
274,275,0.9975371360778809
275,276,0.0063781533390283585
276,277,0.9981826543807983
277,278,0.22336772084236145
278,279,1.0
279,280,0.999488353729248
280,281,1.0
281,282,1.0
282,283,0.9879034161567688
283,284,0.9999630451202393
284,285,1.0
285,286,0.9999945163726807
286,287,1.0
287,288,1.0
288,289,0.003970249556005001
289,290,0.9999781847000122
290,291,0.999488353729248
291,292,0.01217930018901825
292,293,0.003777304431423545
293,294,0.05267881974577904
294,295,0.00798594020307064
295,296,0.0018545646453276277
296,297,0.9999791383743286
297,298,0.01217930018901825
298,299,0.9998942613601685
299,300,0.005579790566116571
300,301,0.003961261361837387
301,302,0.015736164525151253
302,303,0.003264662576839328
303,304,0.9999630451202393
304,305,0.0025792401283979416
305,306,0.002664961153641343
306,307,0.002603593748062849
307,308,0.006365587469190359
308,309,1.0
309,310,1.0
310,311,0.24329954385757446
311,312,0.5304568409919739
312,313,0.0025616649072617292
313,314,0.8968626260757446
314,315,0.006188065279275179
315,316,0.9652091860771179
316,317,0.9999984502792358
317,318,0.007759647443890572
318,319,0.8274517059326172
319,320,1.0
320,321,1.0
321,322,0.9999954700469971
322,323,0.01217930018901825
323,324,0.0049881055019795895
324,325,0.999821126461029
325,326,0.004111579153686762
326,327,0.011640890501439571
327,328,0.006676102057099342
328,329,1.0
329,330,0.01217930018901825
330,331,0.00798594020307064
331,332,1.0
332,333,1.0
333,334,1.0
334,335,0.8274517059326172
335,336,0.7255086302757263
336,337,1.0
337,338,0.05267881974577904
338,339,1.0
339,340,0.5304568409919739
340,341,0.01217930018901825
341,342,0.0028713028877973557
342,343,0.9999984502792358
343,344,1.0
344,345,0.9397698044776917
345,346,0.00578948063775897
346,347,1.0
347,348,0.5304568409919739
348,349,0.9999954700469971
349,350,0.003994658589363098
350,351,0.9397698044776917
351,352,1.0
352,353,0.003537136595696211
353,354,1.0
354,355,0.9999923706054688
355,356,1.0
356,357,0.0018545646453276277
357,358,1.0
358,359,1.0
359,360,0.9998199343681335
360,361,1.0
361,362,1.0
362,363,1.0
363,364,1.0
364,365,0.9475988149642944
365,366,1.0
366,367,1.0
367,368,0.9999984502792358
368,369,0.002924293512478471
369,370,1.0
370,371,1.0
371,372,1.0
372,373,0.0040367040783166885
373,374,1.0
374,375,0.9999973773956299
375,376,1.0
376,377,0.8274517059326172
377,378,0.8965885639190674
378,379,0.22336772084236145
379,380,1.0
380,381,1.0
381,382,0.01217930018901825
382,383,0.999488353729248
383,384,0.0071351067163050175
384,385,1.0
385,386,0.6551317572593689
386,387,0.9929137229919434
387,388,0.00811915472149849
388,389,0.00798594020307064
389,390,0.0022907101083546877
390,391,0.9994992017745972
391,392,0.0028713028877973557
392,393,0.0023179848212748766
393,394,0.004289914388209581
394,395,0.9999257326126099
395,396,0.9879034161567688
396,397,0.009413554333150387
397,398,0.9929137229919434
398,399,0.0018741658423095942
399,400,0.033394526690244675
400,401,1.0
401,402,0.22336772084236145
402,403,0.006380722392350435
403,404,0.9879034161567688
404,405,0.7255086302757263
405,406,0.9665676951408386
406,407,1.0
407,408,0.00470031937584281
408,409,0.22336772084236145
409,410,0.003171253716573119
410,411,1.0
411,412,0.005043710116297007
412,413,0.9879034161567688
413,414,0.00573338009417057
414,415,0.0044991145841777325
415,416,1.0
416,417,1.0
417,418,0.006676102057099342
418,419,0.8274517059326172
419,420,0.9999994039535522
420,421,0.014422379434108734
421,422,0.9999998807907104
422,423,0.6836470365524292
423,424,0.01217930018901825
424,425,0.0023179848212748766
425,426,0.9962873458862305
426,427,0.004153736401349306
427,428,0.002998050767928362
428,429,0.0024566513020545244
429,430,1.0
430,431,0.8968626260757446
431,432,1.0
432,433,0.002277382416650653
433,434,0.01217930018901825
434,435,0.9879034161567688
435,436,0.9975294470787048
436,437,0.0030240288469940424
437,438,0.0030502311419695616
438,439,0.0018709092400968075
439,440,1.0
440,441,0.06916817277669907
441,442,0.01217930018901825
442,443,0.006676102057099342
443,444,0.9746018052101135
444,445,0.8968626260757446
445,446,1.0
446,447,1.0
447,448,0.034439146518707275
448,449,1.0
449,450,1.0
450,451,0.3338344395160675
451,452,0.007552046794444323
452,453,0.9983028173446655
453,454,0.0018545646453276277
454,455,0.003669953905045986
455,456,1.0
456,457,1.0
457,458,0.5304568409919739
458,459,0.004423917271196842
459,460,0.9012154340744019
460,461,0.9999871253967285
461,462,1.0
462,463,1.0
463,464,0.004719170741736889
464,465,0.982541024684906
465,466,1.0
466,467,0.9929137229919434
467,468,1.0
468,469,0.999488353729248
469,470,0.028734801337122917
470,471,0.0026157270185649395
471,472,0.05419602990150452
472,473,0.003212232608348131
473,474,0.5304568409919739
474,475,0.16130182147026062
475,476,0.006676102057099342
476,477,1.0
477,478,0.9994949102401733
478,479,0.0058259498327970505
479,480,0.002087527187541127
480,481,0.0024566513020545244
481,482,0.009196960367262363
482,483,0.004349056165665388
483,484,1.0
484,485,0.22336772084236145
485,486,1.0
486,487,0.029673010110855103
487,488,1.0
488,489,0.00798594020307064
489,490,0.011454463936388493
490,491,0.015155049040913582
491,492,1.0
492,493,0.004443521145731211
493,494,1.0
494,495,0.011114206165075302
495,496,0.9999997615814209
496,497,1.0
497,498,0.22336772084236145
498,499,0.9975294470787048
499,500,0.7255086302757263
500,501,1.0
501,502,0.22336772084236145
502,503,1.0
503,504,0.0034280463587492704
504,505,0.752744197845459
505,506,1.0
506,507,0.999488353729248
507,508,0.9929137229919434
508,509,0.22336772084236145
509,510,0.9397698044776917
510,511,0.01217930018901825
511,512,0.00453595258295536
512,513,0.05267881974577904
513,514,1.0
514,515,1.0
515,516,0.8274517059326172
516,517,0.002187128411605954
517,518,0.006395952310413122
518,519,0.9994937181472778
519,520,0.9958284497261047
520,521,0.9999630451202393
521,522,0.9994847774505615
522,523,0.22336772084236145
523,524,0.004461830016225576
524,525,1.0
525,526,0.1855236291885376
526,527,0.7255086302757263
527,528,1.0
528,529,0.6655268669128418
529,530,1.0
530,531,1.0
531,532,0.9929186701774597
532,533,1.0
533,534,0.01217930018901825
534,535,0.00798594020307064
535,536,0.005433116108179092
536,537,0.005580634344369173
537,538,0.993635892868042
538,539,0.9858119487762451
539,540,0.002603593748062849
540,541,0.9879034161567688
541,542,0.002185750985518098
542,543,0.9780123829841614
543,544,1.0
544,545,0.00798594020307064
545,546,0.0029717106372117996
546,547,1.0
547,548,0.004133840557187796
548,549,0.9999781847000122
549,550,1.0
550,551,1.0
551,552,0.1496119350194931
552,553,0.003483799984678626
553,554,1.0
554,555,0.9993354678153992
555,556,1.0
556,557,0.9996974468231201
557,558,0.0027593011036515236
558,559,0.9079727530479431
559,560,0.02371826022863388
560,561,0.9652091860771179
561,562,0.22336772084236145
562,563,0.0026387986727058887
563,564,1.0
564,565,0.012756209820508957
565,566,0.9794236421585083
566,567,0.00755686592310667
567,568,0.00900548417121172
568,569,1.0
569,570,0.7255086302757263
570,571,1.0
571,572,1.0
572,573,1.0
573,574,1.0
574,575,1.0
575,576,0.9879034161567688
576,577,1.0
577,578,1.0
578,579,0.010058335959911346
579,580,0.006676102057099342
580,581,0.10299865901470184
581,582,1.0
582,583,0.9999973773956299
583,584,0.12333819270133972
584,585,1.0
585,586,0.9975294470787048
586,587,0.01959185115993023
587,588,1.0
588,589,0.01217930018901825
589,590,0.8021230697631836
590,591,0.05267881974577904
591,592,0.9652091860771179
592,593,0.006977975834161043
593,594,1.0
594,595,0.015505372546613216
595,596,0.8968626260757446
596,597,0.0020133734215050936
597,598,0.9996974468231201
598,599,0.003608799772337079
599,600,1.0
600,601,1.0
601,602,1.0
602,603,1.0
603,604,0.041807547211647034
604,605,1.0
605,606,0.002233596984297037
606,607,0.9985377788543701
607,608,0.9397698044776917
608,609,1.0
609,610,0.8995540738105774
610,611,1.0
611,612,1.0
612,613,0.004461830016225576
613,614,0.9999997615814209
614,615,0.003483799984678626
615,616,0.9879034161567688
616,617,0.0025199688971042633
617,618,0.0023179848212748766
618,619,0.9985377788543701
619,620,0.7228950262069702
620,621,0.00798594020307064
621,622,0.004013658035546541
622,623,1.0
623,624,0.9397698044776917
624,625,0.9999994039535522
625,626,0.2154514491558075
626,627,0.9999984502792358
627,628,1.0
628,629,1.0
629,630,0.9999923706054688
630,631,0.003483799984678626
631,632,1.0
632,633,0.004755317233502865
633,634,1.0
634,635,0.004461830016225576
635,636,0.8968626260757446
636,637,1.0
637,638,0.22336772084236145
638,639,0.05570097267627716
639,640,1.0
640,641,0.0074104806408286095
641,642,0.9397698044776917
642,643,0.0023179848212748766
643,644,1.0
644,645,1.0
645,646,0.03487427160143852
646,647,0.002998050767928362
647,648,0.005215259734541178
648,649,1.0
649,650,0.9931241869926453
650,651,0.003531240625306964
651,652,0.8968626260757446
652,653,1.0
653,654,1.0
654,655,0.7255086302757263
655,656,0.9999954700469971
656,657,0.0026157270185649395
657,658,1.0
658,659,1.0
659,660,0.9879034161567688
660,661,1.0
661,662,0.9397698044776917
662,663,0.05267881974577904
663,664,1.0
664,665,0.9985377788543701
665,666,0.04658595472574234
666,667,0.003465973539277911
667,668,1.0
668,669,0.0011548949405550957
669,670,0.9999374151229858
670,671,0.9999994039535522
671,672,1.0
672,673,1.0
673,674,0.9994895458221436
674,675,0.9985377788543701
675,676,0.5385903120040894
676,677,0.05267881974577904
677,678,0.7255086302757263
678,679,0.7255086302757263
679,680,1.0
680,681,0.05267881974577904
681,682,1.0
682,683,1.0
683,684,0.9999996423721313
684,685,0.9999973773956299
685,686,0.999488353729248
686,687,1.0
687,688,0.05267881974577904
688,689,0.9999990463256836
689,690,0.0023179848212748766
690,691,0.000431899621617049
691,692,1.0
692,693,0.011507855728268623
693,694,1.0
694,695,0.7255086302757263
695,696,0.9794236421585083
696,697,1.0
697,698,0.004461830016225576
698,699,0.004632740747183561
699,700,1.0
700,701,0.007739590480923653
701,702,1.0
702,703,0.01217930018901825
703,704,1.0
704,705,0.9935442209243774
705,706,0.005737626925110817
706,707,0.9999632835388184
707,708,1.0
708,709,0.01217930018901825
709,710,0.9999994039535522
710,711,1.0
711,712,1.0
712,713,0.9929137229919434
713,714,0.004900017753243446
714,715,1.0
715,716,0.22336772084236145
716,717,1.0
717,718,0.9985377788543701
718,719,1.0
719,720,0.0011762023204937577
720,721,1.0
721,722,0.05665675550699234
722,723,0.003076647873967886
723,724,0.004628733731806278
724,725,0.9998294115066528
725,726,0.9773894548416138
726,727,0.004071622155606747
727,728,0.002258631633594632
728,729,0.9652091860771179
729,730,0.0019444988574832678
730,731,0.02312890999019146
731,732,0.9999998807907104
732,733,0.0020133734215050936
733,734,0.9999954700469971
734,735,0.7255086302757263
735,736,0.19942514598369598
736,737,0.0027593011036515236
737,738,0.005707636475563049
738,739,0.9929137229919434
739,740,0.002472312655299902
740,741,0.0031682581175118685
741,742,1.0
742,743,0.17313753068447113
743,744,0.003483799984678626
744,745,0.0053351097740232944
745,746,1.0
746,747,0.017428509891033173
747,748,0.002924293512478471
748,749,0.002187128411605954
749,750,0.0027593011036515236
750,751,0.9652091860771179
751,752,0.037266965955495834
752,753,1.0
753,754,0.22336772084236145
754,755,0.002113493625074625
755,756,0.9879034161567688
756,757,0.04207957535982132
757,758,0.9929137229919434
758,759,0.00209779548458755
759,760,0.9794236421585083
760,761,0.9794236421585083
761,762,0.999830961227417
762,763,1.0
763,764,0.0027972322423011065
764,765,0.5304568409919739
765,766,0.9794236421585083
766,767,0.003212232608348131
767,768,0.9991349577903748
768,769,0.005544167477637529
769,770,0.9794236421585083
770,771,0.9998942613601685
771,772,0.22336772084236145
772,773,0.002975063631311059
773,774,0.7255086302757263
774,775,0.9999998807907104
775,776,1.0
776,777,0.999821126461029
777,778,0.9985377788543701
778,779,0.9999998807907104
779,780,1.0
780,781,1.0
781,782,0.05267881974577904
782,783,1.0
783,784,0.002818270353600383
784,785,1.0
785,786,1.0
786,787,0.9794236421585083
787,788,0.8968626260757446
788,789,0.9885066747665405
789,790,1.0
790,791,0.008754354901611805
791,792,0.9999781847000122
792,793,0.9999997615814209
793,794,1.0
794,795,1.0
795,796,0.9958284497261047
796,797,0.003667736891657114
797,798,1.0
798,799,0.008615885861217976
799,800,0.9999984502792358
800,801,0.00798594020307064
801,802,0.004949504975229502
802,803,0.9998235106468201
803,804,0.9999994039535522
804,805,1.0
805,806,0.006676102057099342
806,807,0.9991349577903748
807,808,0.999488353729248
808,809,0.0037933129351586103
809,810,0.9999984502792358
810,811,0.05267881974577904
811,812,1.0
812,813,0.9998942613601685
813,814,0.005563951097428799
814,815,1.0
815,816,0.00647229328751564
816,817,0.01217930018901825
817,818,1.0
818,819,1.0
819,820,0.9999374151229858
820,821,0.0029253337997943163
821,822,0.028405221179127693
822,823,0.9999374151229858
823,824,0.0018930527148768306
824,825,0.021136868745088577
825,826,0.003483799984678626
826,827,0.8274517059326172
827,828,0.9985377788543701
828,829,1.0
829,830,0.7059082984924316
830,831,0.00798594020307064
831,832,0.0052168238908052444
832,833,0.0031908005475997925
833,834,0.0030502311419695616
834,835,0.8968626260757446
835,836,0.20156462490558624
836,837,1.0
837,838,1.0
838,839,1.0
839,840,0.7255086302757263
840,841,1.0
841,842,0.22336772084236145
842,843,0.16815488040447235
843,844,0.004447984974831343
844,845,1.0
845,846,0.048693619668483734
846,847,0.008195677772164345
847,848,0.0033106692135334015
848,849,0.0020369288977235556
849,850,0.22336772084236145
850,851,0.9999973773956299
851,852,0.01217930018901825
852,853,1.0
853,854,0.9999630451202393
854,855,0.01600404642522335
855,856,0.001972442725673318
856,857,0.9931045174598694
857,858,1.0
858,859,1.0
859,860,1.0
860,861,0.22127535939216614
861,862,0.11339256912469864
862,863,0.004481165204197168
863,864,0.22336772084236145
864,865,0.00207495572976768
865,866,0.016185268759727478
866,867,0.00798594020307064
867,868,0.9975294470787048
868,869,0.22336772084236145
869,870,1.0
870,871,0.004112766124308109
871,872,0.9996974468231201
872,873,0.007494223304092884
873,874,1.0
874,875,0.9999973773956299
875,876,1.0
876,877,0.9975294470787048
877,878,1.0
878,879,0.9652091860771179
879,880,1.0
880,881,1.0
881,882,0.9931873083114624
882,883,1.0
883,884,0.8968626260757446
884,885,1.0
885,886,0.05267881974577904
886,887,1.0
887,888,0.9929558038711548
888,889,0.011749726720154285
889,890,0.002924293512478471
890,891,0.00613117590546608
891,892,0.8264374732971191
892,893,0.9999923706054688
893,894,0.5304568409919739
894,895,1.0
895,896,0.5304568409919739
896,897,1.0
897,898,0.0036400470416992903
898,899,1.0
899,900,1.0
900,901,0.005912895780056715
901,902,0.003218555124476552
902,903,0.011537141166627407
903,904,0.9999374151229858
904,905,0.8274517059326172
905,906,0.002979080192744732
906,907,0.004334987141191959
907,908,1.0
908,909,0.05267881974577904
909,910,0.16593913733959198
910,911,1.0
911,912,1.0
912,913,1.0
913,914,0.7255086302757263
914,915,0.05267881974577904
915,916,1.0
916,917,0.07861453294754028
917,918,1.0
918,919,0.04361230880022049
919,920,0.01217930018901825
920,921,0.9998419284820557
921,922,0.003950662910938263
922,923,0.7255086302757263
923,924,0.00798594020307064
924,925,1.0
925,926,0.005326247774064541
926,927,1.0
927,928,0.006443088408559561
928,929,0.9994751811027527
929,930,1.0
930,931,0.021327108144760132
931,932,0.002924293512478471
932,933,0.010643960908055305
933,934,0.002924293512478471
934,935,0.965634286403656
935,936,0.9999651908874512
936,937,0.01217930018901825
937,938,1.0
938,939,0.9741073250770569
939,940,0.9929137229919434
940,941,0.003483799984678626
941,942,0.01217930018901825
942,943,0.999488353729248
943,944,0.0018545646453276277
944,945,0.7255086302757263
945,946,0.0028183828108012676
946,947,0.9975672960281372
947,948,1.0
948,949,0.9999990463256836
949,950,1.0
950,951,0.01217930018901825
951,952,0.9929137229919434
952,953,1.0
953,954,0.999488353729248
954,955,0.002603593748062849
955,956,1.0
956,957,0.00798594020307064
957,958,1.0
958,959,1.0
959,960,0.7169491648674011
960,961,0.046884939074516296
961,962,1.0
962,963,0.010472741909325123
963,964,0.9999973773956299
964,965,0.048018407076597214
965,966,0.0033828187733888626
966,967,0.00798594020307064
967,968,0.006616927683353424
968,969,1.0
969,970,0.04923117905855179
970,971,0.006446520332247019
971,972,1.0
972,973,0.011141307651996613
973,974,1.0
974,975,0.9999994039535522
975,976,0.7255086302757263
976,977,1.0
977,978,1.0
978,979,0.0022310989443212748
979,980,0.002924293512478471
980,981,0.007250164169818163
981,982,0.0030240288469940424
982,983,0.0024566513020545244
983,984,1.0
984,985,0.9999783039093018
985,986,0.9958271384239197
986,987,0.004080939572304487
987,988,0.9998952150344849
988,989,0.9883992671966553
989,990,0.0025199688971042633
990,991,0.9998942613601685
991,992,0.0045985933393239975
992,993,0.9985377788543701
993,994,1.0
994,995,1.0
995,996,1.0
996,997,0.5304568409919739
997,998,1.0
998,999,0.5304568409919739
999,1000,0.004194538574665785
1000,1001,0.999821126461029
1001,1002,1.0
1002,1003,0.5304568409919739
1003,1004,0.9999997615814209
1004,1005,0.8867877125740051
1005,1006,1.0
1006,1007,1.0
1007,1008,0.004105203319340944
1008,1009,0.9999998807907104
1009,1010,1.0
1010,1011,1.0
1011,1012,0.9998942613601685
1012,1013,1.0
1013,1014,0.9569071531295776
1014,1015,0.9999725818634033
1015,1016,1.0
1016,1017,1.0
1017,1018,0.015573190525174141
1018,1019,0.030835600569844246
1019,1020,1.0
1020,1021,0.0034338277764618397
1021,1022,0.0018930527148768306
1022,1023,0.5304568409919739
1023,1024,1.0
1024,1025,0.01217930018901825
1025,1026,0.05267881974577904
1026,1027,1.0
1027,1028,0.9879034161567688
1028,1029,1.0
1029,1030,1.0
1030,1031,0.002603593748062849
1031,1032,0.8968626260757446
1032,1033,1.0
1033,1034,0.00824494007974863
1034,1035,0.8274517059326172
1035,1036,0.0038568361196666956
1036,1037,0.002277382416650653
1037,1038,0.004263339098542929
1038,1039,1.0
1039,1040,0.9929313659667969
1040,1041,0.9657570123672485
1041,1042,0.9929137229919434
1042,1043,0.9996974468231201
1043,1044,1.0
1044,1045,1.0
1045,1046,1.0
1046,1047,0.9975294470787048
1047,1048,0.005366086959838867
1048,1049,1.0
1049,1050,0.9999923706054688
1050,1051,0.01217930018901825
1051,1052,0.5304568409919739
1052,1053,0.9652091860771179
1053,1054,0.0021478659473359585
1054,1055,0.009368719533085823
1055,1056,0.002924293512478471
1056,1057,1.0
1057,1058,0.00798594020307064
1058,1059,1.0
1059,1060,0.9879034161567688
1060,1061,0.007263204548507929
1061,1062,0.9652091860771179
1062,1063,1.0
1063,1064,0.9876672029495239
1064,1065,0.004161735996603966
1065,1066,1.0
1066,1067,1.0
1067,1068,1.0
1068,1069,0.003483799984678626
1069,1070,1.0
1070,1071,0.005380942486226559
1071,1072,1.0
1072,1073,1.0
1073,1074,0.002472312655299902
1074,1075,0.004822704009711742
1075,1076,0.5304568409919739
1076,1077,0.002187128411605954
1077,1078,1.0
1078,1079,0.9783918857574463
1079,1080,0.9958284497261047
1080,1081,1.0
1081,1082,0.002422073855996132
1082,1083,0.5304568409919739
1083,1084,0.00798594020307064
1084,1085,0.5304568409919739
1085,1086,0.005576630122959614
1086,1087,0.9897767305374146
1087,1088,0.0048783146776258945
1088,1089,0.5304568409919739
1089,1090,1.0
1090,1091,1.0
1091,1092,1.0
1092,1093,0.8274517059326172
1093,1094,0.006490753497928381
1094,1095,0.9397698044776917
1095,1096,0.05267881974577904
1096,1097,0.00798594020307064
1097,1098,0.9999998807907104
1098,1099,0.03856120631098747
1099,1100,0.007035733666270971
1100,1101,0.032683394849300385
1101,1102,0.8968626260757446
1102,1103,0.9794236421585083
1103,1104,0.9794236421585083
1104,1105,0.005684912204742432
1105,1106,0.9670625329017639
1106,1107,0.00773610919713974
1107,1108,1.0
1108,1109,1.0
1109,1110,0.008876991458237171
1110,1111,0.061854176223278046
1111,1112,0.9996974468231201
1112,1113,0.9751927256584167
1113,1114,1.0
1114,1115,0.002187128411605954
1115,1116,0.9999990463256836
1116,1117,0.006626875139772892
1117,1118,1.0
1118,1119,0.01217930018901825
1119,1120,1.0
1120,1121,1.0
1121,1122,0.9999997615814209
1122,1123,0.9999872446060181
1123,1124,0.002088735578581691
1124,1125,1.0
1125,1126,1.0
1126,1127,0.008312546648085117
1127,1128,1.0
1128,1129,0.05267881974577904
1129,1130,0.002833616454154253
1130,1131,0.9397698044776917
1131,1132,0.005163589958101511
1132,1133,0.7255086302757263
1133,1134,0.9999998807907104
1134,1135,0.001972442725673318
1135,1136,0.00798594020307064
1136,1137,0.05315576121211052
1137,1138,0.01217930018901825
1138,1139,0.622387170791626
1139,1140,0.9999871253967285
1140,1141,0.008186453953385353
1141,1142,0.9999871253967285
1142,1143,0.0034296822268515825
1143,1144,0.0021413227077573538
1144,1145,1.0
1145,1146,1.0
1146,1147,0.005383880343288183
1147,1148,0.9796800017356873
1148,1149,0.002187128411605954
1149,1150,0.006463076453655958
1150,1151,0.002858686028048396
1151,1152,0.5125799179077148
1152,1153,0.0031709494069218636
1153,1154,0.028327234089374542
1154,1155,1.0
1155,1156,0.004461830016225576
1156,1157,0.005577491596341133
1157,1158,0.019339242950081825
1158,1159,1.0
1159,1160,0.0027593011036515236
1160,1161,1.0
1161,1162,1.0
1162,1163,0.008203654550015926
1163,1164,0.9999978542327881
1164,1165,0.004214408807456493
1165,1166,0.8274517059326172
1166,1167,0.0024408171884715557
1167,1168,0.006570946890860796
1168,1169,1.0
1169,1170,0.9996974468231201
1170,1171,1.0
1171,1172,0.0023179848212748766
1172,1173,0.012568523176014423
1173,1174,0.9794236421585083
1174,1175,0.11739938706159592
1175,1176,0.8968626260757446
1176,1177,0.01217930018901825
1177,1178,0.09652935713529587
1178,1179,0.0006616447353735566
1179,1180,1.0
1180,1181,1.0
1181,1182,0.002924293512478471
1182,1183,0.999821126461029
1183,1184,0.05267881974577904
1184,1185,0.8626430034637451
1185,1186,1.0
1186,1187,0.01217930018901825
1187,1188,0.8971735835075378
1188,1189,1.0
1189,1190,1.0
1190,1191,0.9999860525131226
1191,1192,0.9958284497261047
1192,1193,0.01217930018901825
1193,1194,1.0
1194,1195,0.006053954362869263
1195,1196,0.7255086302757263
1196,1197,0.8274517059326172
1197,1198,0.9084805846214294
1198,1199,1.0
1199,1200,0.00798594020307064
1200,1201,0.004124603234231472
1201,1202,1.0
1202,1203,0.9985573887825012
1203,1204,0.005491956602782011
1204,1205,0.002750325482338667
1205,1206,0.05267881974577904
1206,1207,0.00193234090693295
1207,1208,0.004349072929471731
1208,1209,1.0
1209,1210,1.0
1210,1211,1.0
1211,1212,1.0
1212,1213,0.9771708250045776
1213,1214,0.004054124001413584
1214,1215,0.012897662818431854
1215,1216,0.22336772084236145
1216,1217,0.05267881974577904
1217,1218,0.004581752233207226
1218,1219,1.0
1219,1220,0.9879034161567688
1220,1221,0.5635060667991638
1221,1222,1.0
1222,1223,0.032798342406749725
1223,1224,0.1648516207933426
1224,1225,0.009973899461328983
1225,1226,0.9999374151229858
1226,1227,0.004461830016225576
1227,1228,0.5304568409919739
1228,1229,0.8990285396575928
1229,1230,0.01217930018901825
1230,1231,0.00193234090693295
1231,1232,0.024757688865065575
1232,1233,1.0
1233,1234,0.9999784231185913
1234,1235,1.0
1235,1236,0.9989054203033447
1236,1237,0.5304568409919739
1237,1238,0.9397698044776917
1238,1239,1.0
1239,1240,0.11497203260660172
1240,1241,0.002472312655299902
1241,1242,1.0
1242,1243,1.0
1243,1244,0.0037790362257510424
1244,1245,1.0
1245,1246,0.6186091303825378
1246,1247,1.0
1247,1248,0.005747717339545488
1248,1249,1.0
1249,1250,0.9140349626541138
1250,1251,0.8274517059326172
1251,1252,0.22336772084236145
1252,1253,1.0
1253,1254,0.950439989566803
1254,1255,0.003018114482983947
1255,1256,0.025950077921152115
1256,1257,0.9999871253967285
1257,1258,0.9999998807907104
1258,1259,0.22336772084236145
1259,1260,1.0
1260,1261,0.05267881974577904
1261,1262,0.0017237098654732108
1262,1263,0.0018930527148768306
1263,1264,1.0
1264,1265,0.01217930018901825
1265,1266,0.0028997159097343683
1266,1267,0.02023211494088173
1267,1268,0.01217930018901825
1268,1269,0.0029253337997943163
1269,1270,1.0
1270,1271,1.0
1271,1272,0.9985377788543701
1272,1273,1.0
1273,1274,0.01217930018901825
1274,1275,0.005186981521546841
1275,1276,0.31546759605407715
1276,1277,0.9046690464019775
1277,1278,0.9397698044776917
1278,1279,0.004430979490280151
1279,1280,0.002924293512478471
1280,1281,1.0
1281,1282,0.0024566513020545244
1282,1283,0.005118792410939932
1283,1284,0.9879034161567688
1284,1285,0.8274517059326172
1285,1286,0.0027593011036515236
1286,1287,0.9879034161567688
1287,1288,0.9879034161567688
1288,1289,0.8274517059326172
1289,1290,0.9998942613601685
1290,1291,0.005792818497866392
1291,1292,1.0
1292,1293,0.0031709494069218636
1293,1294,0.03890928998589516
1294,1295,0.999488353729248
1295,1296,0.004267626442015171
1296,1297,0.003834262490272522
1297,1298,0.9930956959724426
1298,1299,0.01217930018901825
1299,1300,0.14610080420970917
1300,1301,0.8274517059326172
1301,1302,0.9975294470787048
1302,1303,0.0029253337997943163
1303,1304,0.9961517453193665
1304,1305,1.0
1305,1306,0.9985377788543701
1306,1307,0.003037101589143276
1307,1308,0.5239506363868713
1308,1309,0.9879034161567688
1309,1310,0.8989978432655334
1310,1311,1.0
1311,1312,0.006676102057099342
1312,1313,0.8968626260757446
1313,1314,1.0
1314,1315,0.9996974468231201
1315,1316,0.9997288584709167
1316,1317,1.0
1317,1318,0.01217930018901825
1318,1319,0.5304568409919739
1319,1320,0.026870228350162506
1320,1321,0.9996974468231201
1321,1322,1.0
1322,1323,0.00798594020307064
1323,1324,1.0
1324,1325,0.002924293512478471
1325,1326,0.003012873465195298
1326,1327,1.0
1327,1328,0.9999990463256836
1328,1329,0.0035203173756599426
1329,1330,0.11587480455636978
1330,1331,0.9397698044776917
1331,1332,1.0
1332,1333,0.7255086302757263
1333,1334,0.010909276083111763
1334,1335,1.0
1335,1336,0.22336772084236145
1336,1337,0.05054490640759468
1337,1338,1.0
1338,1339,0.0037033488042652607
1339,1340,0.0040367040783166885
1340,1341,1.0
1341,1342,1.0
1342,1343,1.0
1343,1344,1.0
1344,1345,1.0
1345,1346,0.012209500186145306
1346,1347,0.05267881974577904
1347,1348,0.0037407581694424152
1348,1349,1.0
1349,1350,0.17459972202777863
1350,1351,1.0
1351,1352,0.9991349577903748
1352,1353,1.0
1353,1354,0.9929137229919434
1354,1355,0.9999994039535522
1355,1356,0.4762083888053894
1356,1357,0.7255086302757263
1357,1358,0.9999997615814209
1358,1359,1.0
1359,1360,0.00193234090693295
1360,1361,0.02928348071873188
1361,1362,0.004461830016225576
1362,1363,0.9994907379150391
1363,1364,0.002277382416650653
1364,1365,1.0
1365,1366,1.0
1366,1367,0.9999630451202393
1367,1368,0.005473778583109379
1368,1369,0.22336772084236145
1369,1370,1.0
1370,1371,1.0
1371,1372,1.0
1372,1373,1.0
1373,1374,0.004461830016225576
1374,1375,0.002187128411605954
1375,1376,0.002187128411605954
1376,1377,1.0
1377,1378,0.22336772084236145
1378,1379,0.006041585933417082
1379,1380,0.0028183693066239357
1380,1381,0.003483799984678626
1381,1382,0.003933662082999945
1382,1383,0.9997804760932922
1383,1384,0.029829220846295357
1384,1385,1.0
1385,1386,0.0031167131382972
1386,1387,0.005357245448976755
1387,1388,1.0
1388,1389,0.9999374151229858
1389,1390,0.9958284497261047
1390,1391,1.0
1391,1392,1.0
1392,1393,0.004365827422589064
1393,1394,0.5304568409919739
1394,1395,0.9999990463256836
1395,1396,0.959556519985199
1396,1397,0.018273446708917618
1397,1398,0.006207822822034359
1398,1399,0.006676102057099342
1399,1400,0.0020133734215050936
1400,1401,0.006676102057099342
1401,1402,0.01217930018901825
1402,1403,1.0
1403,1404,1.0
1404,1405,0.0018545646453276277
1405,1406,0.4075416326522827
1406,1407,0.003899898612871766
1407,1408,0.05267881974577904
1408,1409,1.0
1409,1410,0.002924293512478471
1410,1411,0.0011604749597609043
1411,1412,0.9397698044776917
1412,1413,1.0
1413,1414,0.00434846431016922
1414,1415,0.005542153492569923
1415,1416,0.006676102057099342
1416,1417,0.0020133734215050936
1417,1418,0.007174300495535135
1418,1419,0.9999998807907104
1419,1420,0.013244410045444965
1420,1421,0.3705082833766937
1421,1422,0.28044092655181885
1422,1423,1.0
1423,1424,0.9999781847000122
1424,1425,0.9999990463256836
1425,1426,1.0
1426,1427,0.01103437040001154
1427,1428,0.00953923910856247
1428,1429,0.13082058727741241
1429,1430,0.8968626260757446
1430,1431,0.22336772084236145
1431,1432,0.003906212979927659
1432,1433,1.0
1433,1434,0.004237873014062643
1434,1435,0.999821126461029
1435,1436,0.22336772084236145
1436,1437,0.00798594020307064
1437,1438,1.0
1438,1439,0.9879034161567688
1439,1440,1.0
1440,1441,1.0
1441,1442,0.9958284497261047
1442,1443,0.9999990463256836
1443,1444,0.9879034161567688
1444,1445,0.9999058246612549
1445,1446,1.0
1446,1447,1.0
1447,1448,0.004283897578716278
1448,1449,0.005081070587038994
1449,1450,0.9985377788543701
1450,1451,0.8274517059326172
1451,1452,0.07148069143295288
1452,1453,0.5304568409919739
1453,1454,0.8916760087013245
1454,1455,0.9929137229919434
1455,1456,0.9426206350326538
1456,1457,0.006108533125370741
1457,1458,0.8274517059326172
1458,1459,1.0
1459,1460,0.003212232608348131
1460,1461,1.0
1461,1462,0.9999923706054688
1462,1463,0.006453514564782381
1463,1464,0.006676102057099342
1464,1465,0.010810308158397675
1465,1466,0.004878722131252289
1466,1467,0.0027593011036515236
1467,1468,0.9996974468231201
1468,1469,0.01217930018901825
1469,1470,0.4617626965045929
1470,1471,0.22336772084236145
1471,1472,1.0
1472,1473,0.0030240288469940424
1473,1474,0.0074121649377048016
1474,1475,0.5313674211502075
1475,1476,0.9658705592155457
1476,1477,0.011051060631871223
1477,1478,0.8274517059326172
1478,1479,0.0033664575312286615
1479,1480,0.9999997615814209
1480,1481,0.9958284497261047
1481,1482,1.0
1482,1483,0.9999369382858276
1483,1484,0.9998942613601685
1484,1485,0.0023179848212748766
1485,1486,0.0060640741139650345
1486,1487,0.013171621598303318
1487,1488,1.0
1488,1489,0.003351086052134633
1489,1490,0.00213888892903924
1490,1491,0.9794236421585083
1491,1492,0.9794236421585083
1492,1493,0.006892594043165445
1493,1494,0.0030293611343950033
1494,1495,1.0
1495,1496,0.0029717106372117996
1496,1497,0.974274218082428
1497,1498,1.0
1498,1499,0.7255086302757263
1499,1500,0.006676102057099342
1500,1501,1.0
1501,1502,0.9999380111694336
1502,1503,0.997645914554596
1503,1504,0.7255086302757263
1504,1505,1.0
1505,1506,0.002924293512478471
1506,1507,1.0
1507,1508,0.004461830016225576
1508,1509,0.22336772084236145
1509,1510,0.0049385265447199345
1510,1511,1.0
1511,1512,0.9999994039535522
1512,1513,0.9999994039535522
1513,1514,1.0
1514,1515,0.9657809138298035
1515,1516,1.0
1516,1517,0.05267881974577904
1517,1518,0.9652091860771179
1518,1519,1.0
1519,1520,0.9999954700469971
1520,1521,0.9999994039535522
1521,1522,0.9397698044776917
1522,1523,0.05026489496231079
1523,1524,1.0
1524,1525,0.0018709092400968075
1525,1526,1.0
1526,1527,0.0037325129378587008
1527,1528,0.00647277757525444
1528,1529,0.022421715781092644
1529,1530,0.9999781847000122
1530,1531,1.0
1531,1532,0.059818048030138016
1532,1533,0.002812644699588418
1533,1534,1.0
1534,1535,0.13781994581222534
1535,1536,0.002185750985518098
1536,1537,0.0029253337997943163
1537,1538,0.0062231384217739105
1538,1539,0.5304568409919739
1539,1540,1.0
1540,1541,1.0
1541,1542,0.9999998807907104
1542,1543,1.0
1543,1544,0.00798594020307064
1544,1545,0.00237285322509706
1545,1546,0.36111587285995483
1546,1547,0.003212232608348131
1547,1548,0.9958284497261047
1548,1549,1.0
1549,1550,0.1872786581516266
1550,1551,0.9999871253967285
1551,1552,1.0
1552,1553,0.9999871253967285
1553,1554,0.0012845456367358565
1554,1555,1.0
1555,1556,1.0
1556,1557,1.0
1557,1558,0.005013618152588606
1558,1559,1.0
1559,1560,0.01217930018901825
1560,1561,1.0
1561,1562,0.06382981687784195
1562,1563,0.013462396338582039
1563,1564,0.8274517059326172
1564,1565,0.9397698044776917
1565,1566,1.0
1566,1567,1.0
1567,1568,0.5304568409919739
1568,1569,0.001972442725673318
1569,1570,1.0
1570,1571,0.001059855567291379
1571,1572,1.0
1572,1573,0.9976909160614014
1573,1574,0.7255086302757263
1574,1575,0.05393406003713608
1575,1576,0.9929137229919434
1576,1577,0.0017125671729445457
1577,1578,0.5304568409919739
1578,1579,0.9958284497261047
1579,1580,0.01217930018901825
1580,1581,0.9975294470787048
1581,1582,0.5304568409919739
1582,1583,1.0
1583,1584,0.9999630451202393
1584,1585,1.0
1585,1586,0.006504574324935675
1586,1587,0.08272045850753784
1587,1588,0.0077951643615961075
1588,1589,0.9998931884765625
1589,1590,0.006449434440582991
1590,1591,1.0
1591,1592,0.9447845816612244
1592,1593,0.9958284497261047
1593,1594,0.999488353729248
1594,1595,0.01195028331130743
1595,1596,1.0
1596,1597,0.9519540071487427
1597,1598,0.9958284497261047
1598,1599,0.004725917242467403
1599,1600,1.0
1600,1601,0.01017732173204422
1601,1602,1.0
1602,1603,1.0
1603,1604,0.003927398473024368
1604,1605,0.999821126461029
1605,1606,0.9999984502792358
1606,1607,0.0027593011036515236
1607,1608,0.004142401739954948
1608,1609,0.020304763689637184
1609,1610,0.004760126583278179
1610,1611,0.3757880926132202
1611,1612,0.002185750985518098
1612,1613,0.003914399538189173
1613,1614,0.9998942613601685
1614,1615,1.0
1615,1616,0.002472312655299902
1616,1617,0.007185414899140596
1617,1618,0.993190348148346
1618,1619,1.0
1619,1620,1.0
1620,1621,0.5419046878814697
1621,1622,0.01217930018901825
1622,1623,1.0
1623,1624,1.0
1624,1625,1.0
1625,1626,0.003907207399606705
1626,1627,1.0
1627,1628,1.0
1628,1629,0.5526015758514404
1629,1630,0.0018709092400968075
1630,1631,0.9999781847000122
1631,1632,0.006124966312199831
1632,1633,0.5204481482505798
1633,1634,0.9353090524673462
1634,1635,1.0
1635,1636,0.9975798726081848
1636,1637,0.05267881974577904
1637,1638,0.01217930018901825
1638,1639,0.00504392571747303
1639,1640,0.9999973773956299
1640,1641,0.05267881974577904
1641,1642,1.0
1642,1643,0.8983315229415894
1643,1644,1.0
1644,1645,0.9995706677436829
1645,1646,0.010471092537045479
1646,1647,0.010534532368183136
1647,1648,0.5304568409919739
1648,1649,0.0030634095892310143
1649,1650,0.02910519950091839
1650,1651,0.8352289795875549
1651,1652,0.002603593748062849
1652,1653,0.8274517059326172
1653,1654,1.0
1654,1655,0.8274517059326172
1655,1656,0.22336772084236145
1656,1657,1.0
1657,1658,0.1852797418832779
1658,1659,0.9652091860771179
1659,1660,0.9794236421585083
1660,1661,0.0035870708525180817
1661,1662,0.9652091860771179
1662,1663,1.0
1663,1664,1.0
1664,1665,1.0
1665,1666,1.0
1666,1667,0.10038603842258453
1667,1668,0.9999675750732422
1668,1669,0.003458624240010977
1669,1670,0.21594080328941345
1670,1671,1.0
1671,1672,0.002187128411605954
1672,1673,0.00798594020307064
1673,1674,0.002924293512478471
1674,1675,0.00798594020307064
1675,1676,1.0
1676,1677,0.9929137229919434
1677,1678,0.009926076047122478
1678,1679,0.5304568409919739
1679,1680,0.00209779548458755
1680,1681,0.024860532954335213
1681,1682,1.0
1682,1683,1.0
1683,1684,0.024551259353756905
1684,1685,0.002324628410860896
1685,1686,0.00496662175282836
1686,1687,0.004777655005455017
1687,1688,1.0
1688,1689,0.006676102057099342
1689,1690,0.00207495572976768
1690,1691,1.0
1691,1692,0.020535238087177277
1692,1693,0.9998942613601685
1693,1694,0.002603593748062849
1694,1695,0.01217930018901825
1695,1696,1.0
1696,1697,0.0018930527148768306
1697,1698,0.002924293512478471
1698,1699,0.0018709092400968075
1699,1700,0.00798594020307064
1700,1701,0.008626746945083141
1701,1702,0.00505652604624629
1702,1703,0.9985377788543701
1703,1704,0.27946197986602783
1704,1705,0.9999998807907104
1705,1706,1.0
1706,1707,1.0
1707,1708,0.00798594020307064
1708,1709,1.0
1709,1710,0.0035015279427170753
1710,1711,0.10094564408063889
1711,1712,1.0
1712,1713,1.0
1713,1714,0.22336772084236145
1714,1715,0.00209779548458755
1715,1716,0.026599274948239326
1716,1717,0.3693324029445648
1717,1718,1.0
1718,1719,0.18509045243263245
1719,1720,0.01212121918797493
1720,1721,1.0
1721,1722,0.005847804248332977
1722,1723,0.006084955297410488
1723,1724,0.012221739627420902
1724,1725,1.0
1725,1726,1.0
1726,1727,0.0046869851648807526
1727,1728,0.9999963045120239
1728,1729,0.006519345100969076
1729,1730,0.004827609285712242
1730,1731,0.5751948952674866
1731,1732,0.9998251795768738
1732,1733,1.0
1733,1734,0.01965831033885479
1734,1735,0.0038207233883440495
1735,1736,0.9999871253967285
1736,1737,1.0
1737,1738,0.003495342331007123
1738,1739,0.0022310989443212748
1739,1740,0.22336772084236145
1740,1741,1.0
1741,1742,0.0018545646453276277
1742,1743,0.0212468970566988
1743,1744,0.7255086302757263
1744,1745,1.0
1745,1746,0.9999630451202393
1746,1747,1.0
1747,1748,0.9999994039535522
1748,1749,1.0
1749,1750,0.05267881974577904
1750,1751,0.5304568409919739
1751,1752,0.9999374151229858
1752,1753,0.006676102057099342
1753,1754,0.05267881974577904
1754,1755,0.004461830016225576
1755,1756,0.008858827874064445
1756,1757,1.0
1757,1758,0.003800365375354886
1758,1759,0.5304568409919739
1759,1760,0.7255086302757263
1760,1761,0.003562427591532469
1761,1762,0.0027593011036515236
1762,1763,1.0
1763,1764,1.0
1764,1765,1.0
1765,1766,0.0039055116940289736
1766,1767,0.026798665523529053
1767,1768,1.0
1768,1769,1.0
1769,1770,0.22336772084236145
1770,1771,1.0
1771,1772,0.05267881974577904
1772,1773,0.9999998807907104
1773,1774,0.22336772084236145
1774,1775,1.0
1775,1776,0.006616624072194099
1776,1777,1.0
1777,1778,0.9652091860771179
1778,1779,1.0
1779,1780,0.8604073524475098
1780,1781,0.0071371919475495815
1781,1782,0.5736005306243896
1782,1783,0.48324668407440186
1783,1784,0.007793924305588007
1784,1785,0.1298324316740036
1785,1786,0.0036553475074470043
1786,1787,1.0
1787,1788,1.0
1788,1789,0.22336772084236145
1789,1790,0.004461830016225576
1790,1791,0.9963356256484985
1791,1792,1.0
1792,1793,0.0034725265577435493
1793,1794,0.9655049443244934
1794,1795,0.9999924898147583
1795,1796,0.19822904467582703
1796,1797,0.9975294470787048
1797,1798,0.9879034161567688
1798,1799,0.005165542010217905
1799,1800,1.0
1800,1801,1.0
1801,1802,1.0
1802,1803,0.0041068741120398045
1803,1804,0.9975271821022034
1804,1805,0.008464127779006958
1805,1806,0.01217930018901825
1806,1807,0.9999992847442627
1807,1808,1.0
1808,1809,1.0
1809,1810,0.0029717106372117996
1810,1811,0.01217930018901825
1811,1812,0.012411428615450859
1812,1813,0.9998557567596436
1813,1814,0.8713720440864563
1814,1815,0.014212160371243954
1815,1816,0.899280846118927
1816,1817,0.0034697738010436296
1817,1818,0.9975333213806152
1818,1819,0.006473194342106581
1819,1820,0.9996974468231201
1820,1821,1.0
1821,1822,0.0018930527148768306
1822,1823,1.0
1823,1824,0.22336772084236145
1824,1825,0.22336772084236145
1825,1826,1.0
1826,1827,1.0
1827,1828,0.21882794797420502
1828,1829,0.9999923706054688
1829,1830,0.005732018034905195
1830,1831,0.989448070526123
1831,1832,1.0
1832,1833,0.007472927216440439
1833,1834,1.0
1834,1835,0.004461830016225576
1835,1836,0.9999502897262573
1836,1837,0.01793581433594227
1837,1838,0.9397698044776917
1838,1839,0.9999998807907104
1839,1840,1.0
1840,1841,0.5304568409919739
1841,1842,0.9652091860771179
1842,1843,1.0
1843,1844,0.9999980926513672
1844,1845,0.8274517059326172
1845,1846,0.9975294470787048
1846,1847,0.9999390840530396
1847,1848,0.22336772084236145
1848,1849,0.5304568409919739
1849,1850,1.0
1850,1851,0.003963794559240341
1851,1852,0.9999920129776001
1852,1853,0.9652091860771179
1853,1854,0.002352825365960598
1854,1855,0.22336772084236145
1855,1856,1.0
1856,1857,0.999821126461029
1857,1858,1.0
1858,1859,0.007036273367702961
1859,1860,0.0023179848212748766
1860,1861,0.0023179848212748766
1861,1862,0.0020551516208797693
1862,1863,0.8059101104736328
1863,1864,1.0
1864,1865,1.0
1865,1866,0.002795841544866562
1866,1867,0.02242853492498398
1867,1868,0.00442938506603241
1868,1869,1.0
1869,1870,1.0
1870,1871,0.7255086302757263
1871,1872,0.0035594801884144545
1872,1873,1.0
1873,1874,1.0
1874,1875,0.9999871253967285
1875,1876,1.0
1876,1877,0.9652091860771179
1877,1878,0.9985377788543701
1878,1879,0.002187128411605954
1879,1880,1.0
1880,1881,1.0
1881,1882,0.20159916579723358
1882,1883,1.0
1883,1884,1.0
1884,1885,0.0020133734215050936
1885,1886,0.8274517059326172
1886,1887,0.0037354007363319397
1887,1888,0.004461830016225576
1888,1889,0.008913430385291576
1889,1890,0.8274517059326172
1890,1891,0.9975294470787048
1891,1892,0.8274517059326172
1892,1893,0.9999998807907104
1893,1894,0.3049508035182953
1894,1895,0.0048209382221102715
1895,1896,0.0018545646453276277
1896,1897,0.003076647873967886
1897,1898,0.05267881974577904
1898,1899,0.9999790191650391
1899,1900,0.9999630451202393
1900,1901,0.05267881974577904
1901,1902,0.002422073855996132
1902,1903,1.0
1903,1904,0.14607790112495422
1904,1905,0.006867019459605217
1905,1906,1.0
1906,1907,1.0
1907,1908,0.007813907228410244
1908,1909,1.0
1909,1910,0.6399230360984802
1910,1911,0.00798594020307064
1911,1912,0.9985377788543701
1912,1913,0.00193234090693295
1913,1914,1.0
1914,1915,1.0
1915,1916,0.9999781847000122
1916,1917,0.034608710557222366
1917,1918,0.0029459733050316572
1918,1919,0.01411027554422617
1919,1920,0.9397698044776917
1920,1921,0.9879034161567688
1921,1922,0.002277382416650653
1922,1923,1.0
1923,1924,0.9991349577903748
1924,1925,0.0037840085569769144
1925,1926,0.9999998807907104
1926,1927,0.004354475531727076
1927,1928,0.002277382416650653
1928,1929,1.0
1929,1930,0.00798594020307064
1930,1931,0.005442118272185326
1931,1932,0.9999639987945557
1932,1933,0.6521123051643372
1933,1934,0.9998942613601685
1934,1935,0.7986880540847778
1935,1936,1.0
1936,1937,0.003902697004377842
1937,1938,1.0
1938,1939,0.9999871253967285
1939,1940,0.01217930018901825
1940,1941,0.006676102057099342
1941,1942,0.012563114054501057
1942,1943,1.0
1943,1944,0.004888914059847593
1944,1945,0.8186850547790527
1945,1946,1.0
1946,1947,0.8968626260757446
1947,1948,0.9999998807907104
1948,1949,0.9999374151229858
1949,1950,0.00798594020307064
1950,1951,1.0
1951,1952,0.00798594020307064
1952,1953,0.9929137229919434
1953,1954,1.0
1954,1955,1.0
1955,1956,0.002998802112415433
1956,1957,0.5304568409919739
1957,1958,1.0
1958,1959,1.0
1959,1960,1.0
1960,1961,1.0
1961,1962,0.49592918157577515
1962,1963,1.0
1963,1964,0.5304568409919739
1964,1965,1.0
1965,1966,1.0
1966,1967,0.002924293512478471
1967,1968,0.9996998310089111
1968,1969,1.0
1969,1970,0.01217930018901825
1970,1971,0.0051561384461820126
1971,1972,0.001543546444736421
1972,1973,0.09159303456544876
1973,1974,1.0
1974,1975,0.0034249944146722555
1975,1976,1.0
1976,1977,0.9929137229919434
1977,1978,0.0029717106372117996
1978,1979,1.0
1979,1980,0.9934145212173462
1980,1981,0.003913912456482649
1981,1982,0.8274517059326172
1982,1983,1.0
1983,1984,0.01217930018901825
1984,1985,0.9996974468231201
1985,1986,1.0
1986,1987,0.9999994039535522
1987,1988,0.22336772084236145
1988,1989,0.01217930018901825
1989,1990,0.9879034161567688
1990,1991,0.9985377788543701
1991,1992,0.0069118682295084
1992,1993,0.0052987877279520035
1993,1994,1.0
1994,1995,1.0
1995,1996,1.0
1996,1997,0.9923548698425293
1997,1998,0.005782885476946831
1998,1999,1.0
1999,2000,0.00798594020307064
